id,username
0,FreeCodeCamp
1,0704681032
2,1hella
3,1onder
4,5K0T
5,7Orion7
6,A-Allam
7,a159870530
8,a1rr0wh3ad
9,AAlakkad
10,AaronCButcher
11,AaronKalair
12,aaronmak
13,aavy
14,abderrazzak23
15,abdulhannanali
16,abhiche
17,abhisekp
18,abhishek5139190
19,abroxton
20,aBuzzLife
21,acemayor
22,achock
23,aderlindo
24,adithya321
25,adjohnson916
26,adrian-negreanu
27,adriancarter21
28,adrianhartanto0
29,AEA2002
30,aerophile
31,aftab321
32,ahmednaguib
33,ahstro
34,aikkee
35,aj07
36,ajeetbravehearts
37,AK010
38,AkimSolovyov
39,akkatracker
40,alanfongtzebun
41,alanmbarr
42,alapini
43,aldraco
44,AleiaElle
45,AlejandroDePena
46,alejandrogarciasalas
47,Aleksandar144
48,alex-dixon
49,alex-perfilov-reisys
50,alexandrerezendesa
51,AlexJapson
52,alfie-max
53,alin12347
54,allan-hernandez
55,allengaller
56,alokkushwaha
57,alonandon
58,AlphaLU
59,alvarojoao
60,Amelen0
61,amench30
62,AMF1979
63,amirghafouri
64,amitkalantri
65,AmmarD212
66,amorantep
67,amorphid
68,amusedalpaca
69,amyweiner-udemy
70,anashmamouch
71,andr-d
72,andresatencio
73,anilsinghbafila
74,annan
75,anooptp
76,antnh1
77,anurag108
78,APark12
79,aprekas
80,aprendiendoando
81,aquitard099
82,aredo
83,AromaR
84,artglorin
85,ArtGuru123
86,Arthaey
87,arthurokonkwo
88,AryanJ-NYC
89,asandyz
90,ASapon
91,asdal
92,Ashtech8
93,AssociacaoWara
94,astridliu
95,AsuralomeusInc
96,Talcim
97,Athenasrealm
98,AtomicWasp22
99,AVanVlack
100,avijaiswal08
101,awesomeaniruddh
102,ayampol
103,aykuttasil
104,ayunav
105,babaktavousi
106,badger2300
107,BadWolfe666
108,bajracharya1
109,banannie22
110,barisyz
111,bboyjacks
112,beacloudgenius
113,ben12345
114,bencten
115,BenHagan
116,benhaile
117,BenjaminDowns
118,benmcmahon100
119,benschenker
120,BerkeleyTrue
121,beryls
122,bethuel11
123,biancamihai
124,biellls
125,bitclaw
126,bjelline
127,bkachamakov
128,blejusca
129,bloobloons
130,bluestealth
131,blukoba
132,Borgaard
133,bowin
134,BPeppard
135,brandenbyers
136,brandon-charest
137,BrendanSweeny
138,briguy75
139,brooks80
140,brunatf
141,bryantt23
142,bryhalterman
143,btg5679
144,bugron
145,Burtoss
146,Buzzlightyear90
147,cahlan
148,calbert1209
149,CalliEliza
150,camporbot
151,Canuckywoman
152,CapitalStroke
153,CaPuK
154,carlosf
155,carltonhurdle
156,casciano
157,CaseywH
158,casprtfg
159,CavemanStudios
160,ccllanos
161,cdkarthik
162,cf-ssharma
163,cgrinaldi
164,ChakriV
165,CharlesMilam
166,charlesrb
167,chengui
168,chihkang
169,chillinfrog
170,chinnyannieb
171,chiZZlebliSS
172,chocolate4life
173,Chris2003
174,Chris2Brooks
175,chrissyseas
176,christianesperar
177,christianramirez
178,christophercaburog
179,christowiz
180,Chrysallis
181,ChunHungLiu
182,chuninpeter
183,cipriantepes
184,cipry80
185,ckylee
186,cliffordlau
187,cmherskovic
188,Coconuthack
189,codeguy2015
190,CoderNurse
191,codevlabs
192,codingschool
193,codingscript
194,ColdHam
195,collegetiger
196,commfort
197,CompanyOnTheWorld
198,constantinminea
199,cooljoe95
200,coolsoy
201,corderogerardo
202,coryobrien11
203,CosmicComplex
204,crazypants1234
205,cristianvnica
206,CruelCoin
207,CryQ
208,CWelshE
209,CyberScout1
210,cyberwizardinstitute
211,d3215k
212,daewu
213,daisy-galvan
214,dandan86
215,danielblink
216,danielnaranjo
217,danielnelz
218,Danielweber7624
219,DANIMAAAAL
220,dannyfritz
221,darklove2501
222,Darlene1
223,dasburo
224,datachand
225,DaveDH2
226,davidamandoestrada
227,davidpich
228,DawningCode
229,dbhaskaran1
230,dcsan
231,Deftwun
232,denisnurboja
233,denmch
234,dennyrock18
235,DevilDracus
236,dexacer
237,dgoetsch
238,dhrubajrk
239,diegomm77
240,digicyc
241,digitaldak
242,DitriAhmetaj
243,divyanshum
244,djfordz
245,djordjelacmanovic
246,djsreeraj
247,dkoh12
248,dmadman45
249,dmytroyarmak
250,dokkillo
251,domelperez
252,dondita23
253,Dontee
254,dot-Sean
255,dougshamoo
256,drasticAlsoBrad
257,drmimipoinsett
258,Drooids
259,dsohng
260,DSSales
261,dtapp13
262,dtaylo61
263,dturneresq
264,duette77
265,dunkinboi73
266,dunphyben
267,duttakapil
268,duub
269,dvicklund
270,dwu8689
271,dyukqu
272,dzdidi
273,eaconde
274,eagle122
275,ecabanas
276,eddiooo
277,edencakir
278,Eelsie
279,eibay
280,eichenlaub
281,ekojsalim
282,eleanorz
283,elimisteve
284,elitepc
285,eltjim
286,ely2190
287,Em-Pan
288,emmabaye
289,emmaza
290,eolynyk
291,Ephygtz
292,equipmentaholic
293,EricSchles
294,erictleung
295,ericturnerit
296,ericx1023
297,erratadei
298,escalanteaj
299,Eshwarjp
300,ESOComputing
301,esviai
302,eswist
303,evfreecodecamper
304,ewqasd200g
305,Exceltior
306,Excoriate
307,ezhangle
308,fanaugen
309,farooqtariq7
310,fengxiaole
311,FFX01
312,fighterleslie
313,FlashB
314,flota113
315,fluxczge
316,Flyu
317,fnky
318,forresst
319,forthewynne
320,francey456
321,francrodriguez
322,franhernandezve
323,freddiecabrera
324,freddyhm
325,freddysia
326,fredericksilva
327,FreeCodeCamp319
328,freecodecamper2
329,FreeCodeCampFz
330,FrnkBaum
331,fumblehool
332,gabazine
333,ganapathichidambaram
334,GangstaCoder
335,gangstaliu
336,Garsic
337,Gatorguns
338,gawen69
339,gbn972
340,gemarela
341,genome21
342,georgesnassif
343,ghadaSaidAhmad
344,ghiltz
345,GhostAlgorithm
346,Gildara
347,gillettelevi5
348,giridhar-metikal
349,gisaacson
350,GJSmith3rd
351,Glennmoss1964
352,Gmango
353,goodok1
354,Gornstats
355,Goyapa
356,gozali
357,grandcoder
358,GreatRepos
359,gsantoshb
360,gubaojian
361,guipsamora
362,guptaabhay
363,guvw
364,gzcarlos
365,HackNuts
366,haiiev
367,haironfire
368,haleywilliams
369,halhartman
370,halid
371,hamidme
372,hamm44
373,hammadcapricorn
374,hangway
375,hanlin199255
376,Hann4922
377,happyjunki3
378,hariniarnolda
379,Harry-Nguyen
380,harshdsdh
381,Hartmarken
382,hayth87
383,he11yeah
384,HendiGood
385,henry020215
386,herlesupreeth
387,Hicpropest
388,highjeez
389,Hippohaha7
390,hlminh2000
391,hmharsha
392,hostirez
393,HouLuYa
394,HugoOliveiraThor
395,hyper123
396,ian-splintercell-splinter
397,iancmason
398,ianmturner
399,iCodeland
400,ChadCYB
401,iisupreme
402,ikatlee
403,imcys
404,informativepro
405,infrastructure-wixproducts
406,intricaterituals
407,iostang
408,irenesalomo
409,irinatag
410,isanchen
411,issyl0
412,itchytag
413,itxchy
414,itzsaga
415,iuliab08
416,j2rojasr
417,jackvsworld
418,JalenOng
419,jameskumar
420,jasonblanchard
421,JayKan
422,jaysontoyol1991
423,JayWIlsonJr
424,jbausher
425,jbmartinez
426,Jennibear
427,jentrification
428,jeremyongws
429,jesbacals
430,JesseNoBata
431,jessforfunsies
432,JessicaBrown
433,jessieinsidecode
434,jessmthornhill
435,Jester85
436,jethph
437,jgierusz
438,jhernandez5922
439,jhgreenwell
440,jhnart
441,JiangboYu
442,JimmyAlegre
443,Jimmyboness
444,jimmyepp
445,jituijiaqiezi
446,jkylebarnes
447,jmarkina
448,jmcshane
449,jmmitchell
450,jmynatt251
451,jnaseem
452,jobao-tk
453,JoelBond
454,john9hoffman
455,johndhs
456,johnmellis
457,johnnygaddarr
458,johnotu
459,johnwilmans
460,jon2249
461,JonDror
462,jonocosa
463,jonwho
464,josephdubon
465,josevill
466,jourden123
467,jritterbush
468,jsonify
469,jstoledano
470,juanpastas
471,juarezpaf
472,judyspacely
473,jumpy74
474,justaname94
475,justjoolz
476,jvlstudio
477,k10con
478,kairatomurbek2
479,kamiranoff
480,kanakaduruvasula
481,kangkyu
482,karn09
483,karviesays
484,KateSHENG
485,kemitchell
486,Kenitra85
487,kennybatista
488,kettultim
489,kevin1193
490,Khaeorus
491,khosravipasha
492,kiethuynhkei
493,KillerDesigner
494,kirah1314
495,kiransai083
496,Kirito-Kyrie
497,kitschroh
498,kjallen6
499,kkingsbu
500,kmiasko
501,KnucklesC
502,kod3r
503,kousiknath
504,kris4de
505,krishnapuria
506,KrylovAlex
507,kteagrel
508,kumareshroy
509,kunal2051
510,kurzimov
511,kurzninja
512,kvcoding
513,l0rd0fwar
514,lalocalindsay
515,lambdatastic
516,langelee
517,lantinoluna
518,larrycallen
519,lastnamearya
520,LaunaKay
521,lawrence34
522,LayfonBushin
523,LCpop
524,LeandraVH
525,ledniy
526,lee5214
527,left2myowndevices
528,lekova
529,Lemony-Andrew
530,leogmae86
531,leohmoraes
532,leolvc
533,leonfeng
534,LeyliG
535,lfvoss
536,lhartnett123
537,lifetoanother
538,linarz
539,linuxuser07
540,linuxyh
541,Live4Development
542,lokshunjustinchan
543,lorrieannem
544,lotusjitsu
545,loveclari
546,loverboy266
547,ltongues
548,lucciano
549,Luccifer
550,luckythj
551,luizfilipemacedo
552,lukascrux
553,lukw00
554,lun471k
555,lunarresonance
556,lushboy76
557,macbel
558,magicpriest
559,mahadazad
560,Maiyumei
561,malamin7782
562,malkantr
563,manalisharma9
564,manbearkyle
565,ManhNguyenDang
566,mansoorpahore
567,manukall
568,marcgc21
569,mariobro
570,MariusBordeian
571,marksurnin
572,martinkwan
573,martinsusebeek
574,marvelp
575,maschinenbau
576,MatiKid
577,mattjl
578,mattkulas
579,mattkuo
580,maugravena
581,mbahmed91
582,mbekoe
583,mclouser76
584,mcm852
585,McQuinTrix
586,MDA3
587,mdaffern
588,MDBama100
589,mdixon47
590,mecadan5
591,meecoder
592,mehulpatel696
593,melkregan
594,mervynrwtw
595,metakata
596,MetinBal
597,meylia
598,MH72
599,mhussong
600,miayam
601,michael-krebs
602,racpa
603,michaelchy
604,MichaelQuell
605,michaelvickersuk
606,midvik
607,millsword
608,mirjahangir
609,Mischael38
610,MissMarissaMae
611,MisterLoser
612,mitrostziavarasgr
613,miyagui
614,mkgzl
615,mlombard82
616,mlzharov
617,mmchuck
618,mo-giro
619,mobesa
620,Mohan04
621,mohsalsaleem
622,MohsinAli1
623,moigithub
624,moloradio
625,montgardin
626,mouthzipper
627,MrRenter
628,mtvillwock
629,mubassirhayat
630,MuhammadWaqasAnsari
631,munir7
632,Munsterberg
633,mystiqueninja
634,n-eisner
635,nahoskins
636,Naim08
637,Nalla3
638,nandoaires
639,naranjitagolden
640,naraypv
641,narenreddy945
642,narudesu
643,natac13
644,NatashaHaggard
645,natetaylor33
646,natsumendoza
647,navip0t
648,ncgropp
649,NdeValliere
650,neeraj08
651,negativo
652,neljasonhaw
653,nellycity2000
654,NetGary0430
655,netnacool
656,ngtan
657,nguyentamvinhlong
658,NicholasDandell
659,nicolefrazier
660,Nidaime
661,nighthawk702
662,nikagreene
663,nikitin2009
664,ninahrjackson
665,niorks
666,nipuns11
667,nirajkrz
668,niteshjain132
669,Nnutthowze
670,Nocando
671,noname41577
672,noscripter
673,illgetya
674,Novo1987
675,nrvarun
676,NtroGilty
677,oab00
678,odrisck
679,olehkuchuk
680,oluwadamola
681,oluwaseundaramola
682,Ondrya
683,oO0o
684,Optimus101
685,ovidelu2006
686,ovillegascr
687,owenb132
688,oyp
689,ozkantarik
690,PabloPap
691,pachara-studio
692,padawan329
693,pageman
694,Paladriel
695,palakjain855
696,gitter-badger
697,paswani
698,patlanders
699,pavelkarkh
700,pavloteyfel
701,Peer2Stay
702,pepsifraek
703,PerfectLatte
704,perkomat
705,petrichorcode
706,Phazz
707,PhilJayN
708,phoenixstormcrow
709,danraley
710,PHPFramewrok
711,piecedigital
712,piyushparkash
713,pk422
714,pkv2512se2017
715,pmachigar
716,pmihalcin
717,pndpo
718,pnedunuri
719,pp423
720,prabinamatya
721,praneethbellamkonda
722,praneeths
723,prasharjv
724,prateekkarki
725,praveenvijayan
726,premedios
727,prodigeni
728,prognostech
729,ProgTon
730,pserj
731,pursh2002
732,pushkardakle
733,qualaray
734,QuantumGardener27
735,Quiettus
736,QuincyLarson
737,lambertopisani
738,vinitraj96
739,r14r
740,R3us
741,rabinshrestha
742,Rahul1992
743,rahulrajeevan
744,Rajputvikassingh
745,rajroy2208
746,rakesh-mohanta
747,rakibulislam
748,ramadis
749,ramakrishnabandla
750,ramelletorres
751,RandomUser5000
752,rayhebard
753,rcooney6
754,rcw271828
755,Rebbby
756,rebeckag
757,reddock
758,renatoos
759,rencemontanes
760,REngstrom
761,ricardolousada
762,richchurcher
763,RickyKusnadi
764,RidwanP
765,RihamMahmoud
766,RNicholas-A
767,RobbWaddington
768,robinkrey1
769,RobinsonKameron
770,rochemb
771,rocketpastsix
772,rodoviario
773,rodrigofierro
774,rohan2425
775,RomainLoisel
776,roman30098
777,romarica
778,RonPainter
779,royshouvik
780,rozisaacson
781,rsprice
782,rualatngua
783,ruizhang331
784,ruleios
785,russrob
786,Rybar
787,sabarithedon
788,saga78
789,sahilbadyal
790,SaintPeter
791,saklar
792,sallylaird
793,samfindlay
794,samscripts
795,SanchitS
796,sanjay-arya
797,lwinmoethu25
798,sanjayramesh005
799,saral85
800,saush11
801,Sazumo
802,schafeld
803,schraj
804,scobie86
805,scroft001
806,scshepard
807,seanh99
808,seanr707
809,securelord
810,seekingalpha89
811,seismoB
812,sergiozn
813,sergshabal
814,serkanh
815,sesay
816,sferth
817,ShadowKrawler
818,shaduk
819,shaggy0798
820,shaikhatik0786
821,shaunstanislaus
822,Shaurya-Poonia
823,shekharkanodia
824,Shekharrajak
825,ShelbyGT
826,shereefb
827,shm54321
828,ShubadaBhujbal
829,shvedkoff
830,sidgupta234
831,sidkain
832,sikavinraj
833,silentbob73
834,singhjagtar0290
835,sJhonny-e
836,sjmog
837,skasch
838,slam90
839,slimpig879
840,smchaney
841,sneezyxl
842,Sohailshaik
843,SonOfDevil
844,sonorangirl
845,Soobethie43
846,souldreamer
847,Sphinx19
848,squirrelclub
849,srodman7689
850,Stell4
851,cybot1711
852,steve-end
853,stevenkayter
854,storbeck
855,strawmitch
856,strongdan
857,stugel
858,stujo
859,su6a12
860,suhasshekar
861,suissa
862,Sukonik
863,sukutt
864,sumitdhameja
865,sunilsk
866,sunmk97
867,supermarah
868,surajrungta
869,sureshn
870,sureshtanneru
871,surgeforward
872,susaing
873,sushiyea
874,svcastaneda
875,swapnilmali
876,swerve-hoe
877,syedbilal228
878,SYeeProductions
879,sylvesterwillis
880,tableforc
881,tachyla
882,takcs50
883,talalUcef
884,tanhauhau
885,tanis2000
886,Taonanyasha
887,taufiqmahendra
888,TeejayParker
889,tegardp
890,teomara
891,terakilobyte
892,Terit
893,TH1984
894,thachnuida
895,THAMMMINENIHARIKRISHNA
896,The-Perihelion
897,thedeuceII
898,thefonso
899,theGame
900,themellen
901,therahl
902,thermobee
903,TheUserGit
904,ThiagoFerreir4
905,thillaishakthi
906,Thojad
907,thornthief
908,thundeyy
909,tiagomf1
910,Timezhang
911,Titinel
912,tkmagesh
913,toguko
914,tomo5b
915,tony99nyr
916,tportela
917,treece
918,Tshegofatso
919,tshiwakoti
920,tuananh93
921,tukuna30
922,twhite96
923,tyhandita
924,TzamTzam
925,tzmijewski
926,uberchoc
927,unicodeveloper
928,uroborosphael
929,usbbsbe
930,uwaseem
931,UXJera
932,v3rse
933,vanhoogy
934,vanloc0301
935,vaquav
936,vckhanhitiu1
937,veronica2015
938,VGleb
939,viacheslav-karnaukh
940,viku1024
941,Vince33
942,vineeta16
943,viniciusferreira
944,Vishrs
945,vitoyan
946,viznev
947,vj-ug
948,voodoobettie
949,vosslisa
950,vovietanh
951,vpandura
952,Vsharada
953,VSVS
954,vudayagirivaibhav
955,vvkgdm
956,vwebdev
957,vysu
958,vyzaldysanchez
959,w1nterl0ng
960,waisuan
961,wale-A
962,walrusCH
963,wangshihu2013
964,Waterrooster
965,WaynedaMick
966,webbydoug
967,WebDevelopNYC
968,wforfun
969,wilbert-abreu
970,WilliamAvila
971,willianjusten
972,wistcc
973,Wolf6969
974,wonton888
975,wsc92
976,wskplho
977,ya7lelkom
978,yirenzhi
979,yjcxy12
980,YoMT
981,youprofit
982,Yuni-
983,yuqimit
984,yuzhiboi
985,z-pan
986,zaenulhilmi
987,zahedshareef
988,ZebGirouard
989,zeffii
990,zelea90
991,ZendljRp
992,zersiax
993,zhangcj
994,zmiftah
995,zoidbergwill
996,zoonoo75
997,zoorz
998,zrsmith75
999,zzbynzz
1000,zzmjohn
